{"count":1,"self":67620.247961599991,"total":73041.8430489,"children":{"AgentSendState":{"count":4961498,"self":63.061254399999996,"total":154.6216121,"children":{"CollectObservations":{"count":1000379,"self":54.968576,"total":54.968577499999995,"children":null},"CollectDiscreteActionMasks":{"count":1000379,"self":1.6282919,"total":1.6282919,"children":null},"AgentInfo.ToProto":{"count":1000379,"self":10.4337904,"total":34.9634863,"children":{"GenerateSensorData":{"count":1000379,"self":24.529695999999998,"total":24.5296962,"children":null}}}}},"DecideAction":{"count":4961498,"self":5223.4010623999993,"total":5223.401067,"children":null},"AgentAct":{"count":4961498,"self":42.7006176,"total":42.700617,"children":null},"AgentInfo.ToProto":{"count":20000,"self":0.287327,"total":0.86053669999999993,"children":{"GenerateSensorData":{"count":20000,"self":0.57320969999999993,"total":0.57320969999999993,"children":null}}}},"gauges":{"CrawlerDynamic.CumulativeReward":{"count":20000,"max":64.9059753,"min":-81.59094,"runningAverage":-1.84933949,"value":1.35047853,"weightedAverage":-3.832778}},"metadata":{"timer_format_version":"0.1.0","start_time_seconds":"1592523242","unity_version":"2018.4.23f1","command_line_arguments":"C:\\Users\\Maike\\PycharmProjects\\as\\Nadal_jr\\github\\src\\..\/crawler_single\/UnityEnvironment.exe --mlagents-port 5005","communication_protocol_version":"1.0.0","com.unity.ml-agents_version":"1.0.2-preview","scene_name":"CrawlerDynamicTarget","end_time_seconds":"1592596283"}}