{"count":1,"self":713.93515519999994,"total":1236.7219831999998,"children":{"AgentSendState":{"count":65313,"self":1.0847514999999999,"total":2.6767016,"children":{"CollectObservations":{"count":13329,"self":0.9759969,"total":0.9759969,"children":null},"CollectDiscreteActionMasks":{"count":13329,"self":0.0279638,"total":0.0279638,"children":null},"AgentInfo.ToProto":{"count":13329,"self":0.1621625,"total":0.5879894,"children":{"GenerateSensorData":{"count":13329,"self":0.4258269,"total":0.4258269,"children":null}}}}},"DecideAction":{"count":65313,"self":519.3860608,"total":519.38606229999994,"children":null},"AgentAct":{"count":65313,"self":0.6697406,"total":0.6697406,"children":null},"AgentInfo.ToProto":{"count":808,"self":0.010470199999999999,"total":0.050333199999999995,"children":{"GenerateSensorData":{"count":808,"self":0.039862999999999996,"total":0.039862999999999996,"children":null}}}},"gauges":{"CrawlerDynamic.CumulativeReward":{"count":808,"max":18.2986622,"min":-37.55973,"runningAverage":-1.72162521,"value":-1.837582,"weightedAverage":-1.46512389}},"metadata":{"timer_format_version":"0.1.0","start_time_seconds":"1594027209","unity_version":"2018.4.23f1","command_line_arguments":"C:\\Users\\Celine\\PycharmProjects\\Federer\\src\\..\/crawler_single\/UnityEnvironment.exe --mlagents-port 5005","communication_protocol_version":"1.0.0","com.unity.ml-agents_version":"1.0.2-preview","scene_name":"CrawlerDynamicTarget","end_time_seconds":"1594028445"}}