{"count":1,"self":25072.556441599998,"total":26075.096580999998,"children":{"AgentSendState":{"count":1948508,"self":8.0298576,"total":22.150799,"children":{"CollectObservations":{"count":391711,"self":6.8582272,"total":6.8582269999999994,"children":null},"CollectDiscreteActionMasks":{"count":391711,"self":0.60287499999999994,"total":0.60287499999999994,"children":null},"AgentInfo.ToProto":{"count":391711,"self":2.208199,"total":6.659839,"children":{"GenerateSensorData":{"count":391711,"self":4.4516399999999994,"total":4.4516399999999994,"children":null}}}}},"DecideAction":{"count":1948508,"self":968.75458559999993,"total":968.75461899999993,"children":null},"AgentAct":{"count":1948508,"self":11.5353744,"total":11.535499,"children":{"AgentInfo.ToProto":{"count":8,"self":4.2999999999999995E-05,"total":0.000125,"children":{"GenerateSensorData":{"count":8,"self":8.2E-05,"total":8.2E-05,"children":null}}}}},"AgentInfo.ToProto":{"count":5002,"self":0.034443999999999995,"total":0.096913,"children":{"GenerateSensorData":{"count":5002,"self":0.062469,"total":0.062469,"children":null}}}},"gauges":{"CrawlerDynamic.CumulativeReward":{"count":5010,"max":271.7536,"min":-37.3129959,"runningAverage":10.8340149,"value":3.34902668,"weightedAverage":1.91011727}},"metadata":{"timer_format_version":"0.1.0","start_time_seconds":"1594196288","unity_version":"2019.3.15f1","command_line_arguments":"\/home\/d\/davignon\/PycharmProjects\/Federer-Jr.\/src\/..\/crawler_single\/linux\/dynamic_server\/crawler_dynamic.x86_64 --mlagents-port 5005","communication_protocol_version":"1.0.0","com.unity.ml-agents_version":"1.0.2","scene_name":"CrawlerDynamicTarget","end_time_seconds":"1594222363"}}